Bandung
Dago, West Java
Bandung Satu, Jawa Barat, Indonesia
Campaka, Andir, Bandung
Ciroyom, Andir, Bandung
Bekasi
Bekasi Jaya
Tambun Selatan, West Java
Pengasinan, Bekasi Timur
Marga Mulya, Bekasi Utara
Bogor, Indonesia
Ciparigi Bogor
Curug 2 Bogor
Pakuan, Bogor Selatan
Katulampa, Bogor Timur
Ciamis
Babakan Ciamis
Cisadap, Ciamis
Linggasari, Ciamis
Ciamis, Jawa Barat, Indonesia
Cianjur, Cianjur, Jawa Barat
Kabupaten Cianjur
Cihea, Haurwangi, Cianjur
Cikadu, Cikadu, Cianjur
Bojongkaso, Agrabinta, Cianjur
Cirebon
Drajat, Cirebon
Sumber, Cirebon
Garut
Randu Garut
Cimuncang, Garut
Indramayu
Karawang
Kuningan
Kuningan, Kuningan
Cinere, Cinere, Depok, Jawa Barat
Depok Satu, Jawa Barat, Indonesia




Pertamini Digital Murah, Pertamini Baru, pom mini toko madura, Pertamini Pompa, Pom Mini Bandung
Pom Mini Digital Murah, Pom Mini Digital, Pom Mini, Pertamini Digital, Pom Mini Bandung
Pom Mini Cpm, Pom Mini Murah Pom Mini toko madura, Pom Mini Gp, Pom Mini Isi 2, Pom Mini Bekasi
Pom Mini Sriwijaya, pom mini toko madura, Pom Mini Tabung, Pom Mini Terbaru, Pom Mini Bogor
Pom Mini 1 Nozel, Pom Mini toko madura, Pom Mini 2 Nozle, Pom Mini 2 Nozzle, Pom Mini Cimahi
Pertamini 2 Nozel,Pom Mini 3 Nozel, Pom Mini toko madura, Pom Mini Terdekat, Pom Mini Sukabumi
Pertamini Tabung,Pom Mini toko madura, agen pom mini, Pom Mini Pertamini, Pom Mini Tasikmalaya
pom mini 2 Nozel, pom mini Digital,  spbu mini, pom mini Pertalite, pom mini toko madura