Asmat, Papua, Indonesia
Vim, Jayapura
Jayapura, Indonesia
Mandala, Jayapura
Imbi, Jayapura
Ardipura, Jayapura
Mappi Post, Papua, Indonesia
Merauke, Papua, Indonesia
Samkai, Merauke
Kelapa Lima, Merauke
Karang Indah, Merauke
Mandala, Merauke
Mimika, Papua, Indonesia
Siriwini, Nabire
Kalibobo, Nabire
Morgo, Nabire
Oyehe, Nabire
Nabarua, Nabire
Paniai, Papua, Indonesia
Sarmi, Papua, Indonesia
Fakfak Utara, Fakfak
Fakfak Selatan, Fakfak
Gewerpe, Fakfak
Fakfak, Papua, Indonesia
Lusi Peri, Fakfak
Kaimana, Papua, Indonesia
Manokwari
Manokwari Timur, Manokwari
Manokwari Barat, Manokwari
Wosi, Manokwari
Sanggeng, Manokwari
Kabupaten Sorong
Malawei, Sorong
Malaingkedi, Sorong
Malabutor, Sorong
Klawuyuk, Sorong
Remu Selatan, Sorong


Pertamini toko madura, Pertamini Digital Murah, Pertamini Baru, Pertamini Pompa, Pom Mini Papua
Pom Mini Digital Murah, Pom Mini Digital, Pom Mini, Pertamini Digital, Pom Mini Papua
Pom Mini Cpm, Pom Mini Murah, Pom Mini toko madura, Pom Mini Gp, Pom Mini Isi 2, Pom Mini Papua
Pom Mini Pertalite, Pom Mini Sriwijaya, Pom Mini Tabung, Pom Mini toko madura, Pom Mini Papua
Pom Mini 1 Nozel, Pom Mini 2 Nozel, pom mini toko madura, Pom Mini 2 Nozzle, Pom Mini Papua
Pertamini 2 Nozel,Pom Mini 3 Nozel, Pom Mini toko madura, Pom Mini Terdekat, Pom Mini Papua
Pertamini Tabung, spbu mini Pom Mini Terbaru, agen pom mini, Pom Mini toko madura, Pom Mini Papua
Pom Mini 2 Nozle, pom mini digital, pom mini pertamini, terbaru